iter,train_loss,sim_loss,reg_loss,valid_loss,sim_loss,reg_loss,dice_valid
1,-1.104289,-1.104378,0.000886,0.089222,-1.112009,-1.112113,0.001130,0.103666,0.786667
2,-1.105209,-1.105292,0.000744,0.082557,-1.112686,-1.112746,0.000414,0.060089,0.895409
3,-1.107786,-1.107847,0.000382,0.061345,-1.111956,-1.112023,0.000385,0.067745,0.866397
4,-1.107367,-1.107438,0.000434,0.070942,-1.112110,-1.112182,0.000570,0.072825,0.839024
5,-1.107720,-1.107795,0.000750,0.074606,-1.112466,-1.112540,0.000856,0.073464,0.874840
6,-1.110082,-1.110153,0.000834,0.070694,-1.115425,-1.115489,0.000610,0.063947,0.862137
7,-1.110336,-1.110412,0.000820,0.076228,-1.117233,-1.117316,0.001086,0.082979,0.865711
8,-1.112021,-1.112116,0.001507,0.094626,-1.118460,-1.118571,0.002300,0.110390,0.830127
9,-1.112812,-1.112933,0.002828,0.120706,-1.118685,-1.118805,0.002852,0.119680,0.825967
10,-1.112750,-1.112866,0.002756,0.114966,-1.115443,-1.115532,0.001497,0.089131,0.857133
----time_used: 13.941051
11,-1.111216,-1.111315,0.001783,0.098277,-1.117237,-1.117344,0.002400,0.106325,0.875012
12,-1.114352,-1.114477,0.003181,0.124709,-1.121969,-1.122114,0.004305,0.145181,0.832320
13,-1.115102,-1.115257,0.005031,0.154604,-1.118266,-1.118412,0.004941,0.144945,0.849693
14,-1.114967,-1.115108,0.004785,0.139827,-1.121610,-1.121730,0.003942,0.119833,0.829598
15,-1.115575,-1.115708,0.004695,0.133023,-1.124407,-1.124552,0.005581,0.144462,0.834619
16,-1.117340,-1.117491,0.005823,0.151027,-1.119979,-1.120130,0.006074,0.150753,0.845965
17,-1.117175,-1.117348,0.007952,0.172276,-1.124896,-1.125071,0.008643,0.174159,0.813215
18,-1.116857,-1.117036,0.008339,0.178058,-1.124403,-1.124576,0.008130,0.172633,0.842192
19,-1.118941,-1.119124,0.008574,0.181345,-1.122305,-1.122472,0.006598,0.166791,0.812279
20,-1.115767,-1.115940,0.006527,0.173210,-1.123601,-1.123781,0.007448,0.179011,0.822145
----time_used: 25.031727
21,-1.120010,-1.120205,0.008382,0.194085,-1.125830,-1.126028,0.009102,0.196943,0.823168
22,-1.119996,-1.120207,0.010312,0.209668,-1.127020,-1.127231,0.010997,0.210430,0.819416
23,-1.121163,-1.121390,0.012507,0.225864,-1.124202,-1.124439,0.014032,0.235406,0.807962
24,-1.121473,-1.121717,0.014839,0.243011,-1.128822,-1.129063,0.014991,0.239453,0.816406
25,-1.121137,-1.121377,0.014000,0.238105,-1.127415,-1.127645,0.012325,0.229218,0.818830
26,-1.121801,-1.122046,0.014073,0.243599,-1.124657,-1.124899,0.013655,0.240149,0.836400
27,-1.119715,-1.119957,0.012685,0.240213,-1.127409,-1.127636,0.010108,0.225475,0.815445
28,-1.121222,-1.121455,0.010828,0.231235,-1.128148,-1.128380,0.011734,0.231160,0.833825
29,-1.123825,-1.124062,0.012671,0.236489,-1.129264,-1.129496,0.012350,0.230440,0.832779
30,-1.123063,-1.123307,0.012887,0.242734,-1.128190,-1.128456,0.015151,0.264232,0.836067
----time_used: 36.533723
31,-1.125083,-1.125353,0.014809,0.268687,-1.128790,-1.129040,0.012382,0.248737,0.843700
32,-1.124467,-1.124731,0.013221,0.262594,-1.130374,-1.130653,0.015013,0.277784,0.819204
33,-1.124712,-1.124995,0.015129,0.281135,-1.130079,-1.130358,0.015675,0.277467,0.854342
34,-1.125959,-1.126235,0.014036,0.273974,-1.131573,-1.131847,0.011918,0.272975,0.830312
35,-1.126338,-1.126625,0.011961,0.286356,-1.131416,-1.131698,0.011839,0.280152,0.839327
36,-1.127657,-1.127948,0.013326,0.289613,-1.132577,-1.132868,0.013858,0.289501,0.828428
37,-1.124515,-1.124798,0.013001,0.281829,-1.129203,-1.129483,0.013708,0.278766,0.830136
38,-1.124803,-1.125073,0.012643,0.268055,-1.131274,-1.131552,0.014328,0.276097,0.839988
39,-1.127293,-1.127602,0.017474,0.306895,-1.133254,-1.133591,0.021159,0.335625,0.821429
40,-1.128984,-1.129331,0.020805,0.344480,-1.132304,-1.132643,0.019415,0.336999,0.837766
----time_used: 48.112879
41,-1.127919,-1.128260,0.018008,0.339148,-1.133556,-1.133893,0.016999,0.334835,0.841382
42,-1.129880,-1.130222,0.016946,0.339940,-1.136363,-1.136706,0.018364,0.341977,0.830942
43,-1.130420,-1.130769,0.019322,0.346813,-1.133742,-1.134093,0.020768,0.349718,0.826750
44,-1.130382,-1.130737,0.020635,0.353281,-1.130747,-1.131075,0.015941,0.325576,0.786768
45,-1.125806,-1.126133,0.016379,0.325161,-1.134968,-1.135299,0.019371,0.328969,0.836073
46,-1.129727,-1.130065,0.018808,0.335673,-1.134402,-1.134737,0.017768,0.332854,0.852007
47,-1.130890,-1.131238,0.019137,0.346481,-1.135133,-1.135474,0.019591,0.339136,0.849509
48,-1.131393,-1.131750,0.020364,0.354358,-1.138052,-1.138434,0.022646,0.379299,0.837354
49,-1.133734,-1.134126,0.023448,0.390271,-1.137907,-1.138280,0.021778,0.370729,0.837424
50,-1.131639,-1.132005,0.020025,0.364927,-1.136276,-1.136644,0.021507,0.366390,0.852660
----time_used: 59.090655
51,-1.133021,-1.133390,0.020675,0.366865,-1.137642,-1.137997,0.018364,0.352797,0.837163
52,-1.133252,-1.133621,0.019491,0.366403,-1.134385,-1.134787,0.024639,0.399444,0.856630
53,-1.130633,-1.131033,0.023451,0.397296,-1.137266,-1.137633,0.021545,0.364814,0.832453
54,-1.130483,-1.130845,0.020946,0.359463,-1.135317,-1.135657,0.019874,0.338280,0.862047
55,-1.133463,-1.133816,0.019804,0.351375,-1.138588,-1.138948,0.019864,0.358642,0.855081
56,-1.133736,-1.134124,0.023282,0.385415,-1.139731,-1.140133,0.026371,0.399401,0.846964
57,-1.134793,-1.135203,0.026653,0.406906,-1.136907,-1.137312,0.026635,0.402936,0.852949
58,-1.135832,-1.136249,0.026878,0.415035,-1.140606,-1.141026,0.027081,0.417200,0.826442
59,-1.135849,-1.136282,0.027223,0.430935,-1.137011,-1.137458,0.029698,0.443351,0.812795
60,-1.135492,-1.135915,0.027624,0.420650,-1.138479,-1.138854,0.022263,0.373046,0.831701
----time_used: 70.096403
61,-1.133411,-1.133789,0.023778,0.376358,-1.140507,-1.140888,0.024185,0.378985,0.855630
62,-1.135134,-1.135532,0.024389,0.395375,-1.140166,-1.140560,0.021520,0.391729,0.850070
63,-1.137157,-1.137559,0.021885,0.400017,-1.141502,-1.141909,0.022857,0.405001,0.839718
64,-1.138333,-1.138758,0.025522,0.421590,-1.142588,-1.143026,0.029769,0.435529,0.835457
65,-1.137444,-1.137890,0.031938,0.443132,-1.143201,-1.143643,0.028599,0.439391,0.821623
66,-1.139458,-1.139905,0.029427,0.444188,-1.141283,-1.141746,0.033849,0.460528,0.863836
67,-1.139673,-1.140137,0.034474,0.460910,-1.139693,-1.140115,0.026907,0.419445,0.789456
68,-1.131438,-1.131849,0.025007,0.408417,-1.135646,-1.136062,0.024706,0.413102,0.783543
69,-1.135751,-1.136188,0.026815,0.434265,-1.142491,-1.142922,0.026701,0.428452,0.820006
70,-1.136781,-1.137198,0.025625,0.415020,-1.139321,-1.139716,0.022745,0.393545,0.849112
----time_used: 81.168040
71,-1.137506,-1.137934,0.026575,0.425648,-1.143527,-1.144007,0.033268,0.476303,0.848213
72,-1.137927,-1.138406,0.033924,0.475741,-1.140898,-1.141341,0.029305,0.440273,0.827276
73,-1.136433,-1.136861,0.027377,0.425286,-1.142276,-1.142713,0.029140,0.433435,0.832997
74,-1.140370,-1.140844,0.033665,0.470567,-1.141143,-1.141645,0.040044,0.497177,0.833858
75,-1.140408,-1.140911,0.040748,0.498759,-1.143254,-1.143730,0.034839,0.472528,0.828571
76,-1.139932,-1.140380,0.030891,0.444763,-1.143616,-1.144055,0.029952,0.435985,0.823813
77,-1.138493,-1.138943,0.032419,0.446438,-1.142808,-1.143267,0.031464,0.455346,0.853036
78,-1.139446,-1.139923,0.034590,0.473985,-1.143899,-1.144388,0.037844,0.486117,0.823985
79,-1.141853,-1.142365,0.041495,0.507602,-1.142576,-1.143095,0.042159,0.515675,0.800013
80,-1.140158,-1.140657,0.037294,0.495449,-1.140303,-1.140767,0.030403,0.460513,0.852066
----time_used: 92.139279
81,-1.138926,-1.139396,0.029485,0.466800,-1.142331,-1.142806,0.030813,0.472084,0.808811
82,-1.139558,-1.140046,0.035217,0.484159,-1.147582,-1.148073,0.035539,0.486721,0.839505
83,-1.143003,-1.143504,0.036440,0.498210,-1.146058,-1.146561,0.036315,0.499422,0.848520
84,-1.143035,-1.143537,0.035957,0.498047,-1.147310,-1.147805,0.036286,0.490907,0.843887
85,-1.143289,-1.143786,0.036029,0.492890,-1.147415,-1.147896,0.033824,0.477929,0.857043
86,-1.141783,-1.142268,0.034399,0.480649,-1.146076,-1.146587,0.039057,0.507305,0.853702
87,-1.143553,-1.144074,0.039283,0.517359,-1.146007,-1.146518,0.036205,0.508120,0.837062
88,-1.142024,-1.142521,0.034099,0.493925,-1.146759,-1.147259,0.035291,0.496562,0.849774
89,-1.145034,-1.145557,0.038673,0.518889,-1.146781,-1.147318,0.042868,0.532503,0.854090
90,-1.144922,-1.145448,0.039078,0.522074,-1.146791,-1.147292,0.034569,0.497052,0.832043
----time_used: 102.060459
91,-1.143486,-1.144001,0.036811,0.511186,-1.147065,-1.147622,0.046348,0.552622,0.802522
92,-1.144449,-1.144994,0.043963,0.541181,-1.146661,-1.147159,0.035957,0.494365,0.830407
93,-1.143478,-1.143963,0.031975,0.480833,-1.143564,-1.144038,0.031257,0.470971,0.865592
94,-1.143828,-1.144326,0.034351,0.495281,-1.147256,-1.147766,0.037925,0.505786,0.835560
95,-1.145195,-1.145728,0.042295,0.529428,-1.149688,-1.150240,0.045846,0.547271,0.826271
96,-1.145723,-1.146268,0.042303,0.540299,-1.146380,-1.146933,0.042920,0.548665,0.859246
97,-1.144181,-1.144726,0.041600,0.540600,-1.146281,-1.146770,0.034691,0.486007,0.811559
98,-1.141069,-1.141547,0.032139,0.475161,-1.146247,-1.146724,0.031170,0.473848,0.839535
99,-1.144923,-1.145437,0.034286,0.510408,-1.149961,-1.150492,0.035620,0.527373,0.847645
100,-1.147706,-1.148238,0.037016,0.528121,-1.148838,-1.149368,0.037051,0.526382,0.819629
----time_used: 112.532375
101,-1.145907,-1.146432,0.037088,0.521231,-1.147775,-1.148285,0.035335,0.506087,0.861085
102,-1.146684,-1.147233,0.042083,0.544860,-1.150823,-1.151392,0.043492,0.565049,0.821106
103,-1.146880,-1.147449,0.042018,0.565214,-1.148923,-1.149504,0.042103,0.576975,0.833030
104,-1.146171,-1.146729,0.037606,0.554323,-1.147827,-1.148352,0.031882,0.521829,0.832292
105,-1.145180,-1.145706,0.033757,0.523085,-1.148526,-1.149039,0.031692,0.510106,0.835177
106,-1.148366,-1.148923,0.037898,0.553977,-1.147793,-1.148386,0.042609,0.588811,0.831040
107,-1.146287,-1.146877,0.041086,0.585506,-1.147004,-1.147562,0.035037,0.554479,0.779090
108,-1.142813,-1.143346,0.033488,0.529151,-1.150078,-1.150590,0.034467,0.507996,0.850656
109,-1.146782,-1.147297,0.034855,0.511157,-1.147392,-1.147905,0.033142,0.509756,0.870013
110,-1.148717,-1.149258,0.037742,0.537622,-1.150206,-1.150764,0.040486,0.554098,0.818060
----time_used: 122.415691
111,-1.144175,-1.144749,0.047275,0.568882,-1.148666,-1.149223,0.044790,0.552974,0.841412
112,-1.148291,-1.148859,0.044369,0.563574,-1.151600,-1.152180,0.041840,0.576028,0.844739
113,-1.149445,-1.150027,0.040918,0.577575,-1.149608,-1.150157,0.033563,0.546388,0.846955
114,-1.149292,-1.149862,0.039656,0.566491,-1.150125,-1.150747,0.054724,0.616931,0.833486
115,-1.146258,-1.146863,0.053162,0.599683,-1.148131,-1.148658,0.037243,0.522649,0.835329
116,-1.144638,-1.145169,0.036060,0.527740,-1.148987,-1.149578,0.047127,0.586209,0.834904
117,-1.147430,-1.148011,0.044640,0.576822,-1.145420,-1.145950,0.033733,0.527005,0.798030
118,-1.144817,-1.145356,0.033348,0.535517,-1.149541,-1.150081,0.034344,0.536671,0.812719
119,-1.147500,-1.148045,0.033800,0.541256,-1.148817,-1.149365,0.034460,0.544180,0.847336
120,-1.147655,-1.148223,0.037466,0.564290,-1.152012,-1.152592,0.042576,0.575731,0.809985
----time_used: 132.399383
121,-1.150083,-1.150670,0.042396,0.582557,-1.150153,-1.150747,0.044829,0.589630,0.841582
122,-1.150071,-1.150659,0.043326,0.583148,-1.151414,-1.151964,0.040867,0.546699,0.834957
123,-1.147920,-1.148479,0.042203,0.555097,-1.150554,-1.151110,0.041224,0.552183,0.824284
124,-1.148510,-1.149087,0.042133,0.572205,-1.152180,-1.152768,0.046268,0.583710,0.832759
125,-1.150112,-1.150719,0.050263,0.602153,-1.149041,-1.149647,0.052814,0.600705,0.837962
126,-1.149227,-1.149838,0.051832,0.606626,-1.147049,-1.147657,0.041933,0.603225,0.813388
127,-1.143262,-1.143855,0.038916,0.589489,-1.145815,-1.146391,0.038337,0.572882,0.857115
128,-1.144260,-1.144827,0.038717,0.563741,-1.150031,-1.150594,0.038358,0.559368,0.852689
129,-1.150603,-1.151200,0.043695,0.591759,-1.149939,-1.150573,0.054322,0.628936,0.796827
130,-1.149948,-1.150591,0.054698,0.637458,-1.151240,-1.151866,0.049635,0.620804,0.835129
----time_used: 142.845321
131,-1.150450,-1.151068,0.048264,0.612722,-1.150404,-1.151004,0.044088,0.595671,0.841640
132,-1.151693,-1.152299,0.046774,0.600619,-1.150854,-1.151470,0.047921,0.611128,0.839273
133,-1.150961,-1.151585,0.049667,0.619167,-1.153764,-1.154380,0.045399,0.611282,0.827778
134,-1.152160,-1.152778,0.044382,0.613726,-1.154327,-1.154955,0.043642,0.623585,0.818852
135,-1.153476,-1.154101,0.043008,0.620908,-1.150838,-1.151443,0.041144,0.600438,0.824648
136,-1.150866,-1.151475,0.042873,0.605026,-1.152518,-1.153148,0.046997,0.625233,0.823595
137,-1.154456,-1.155089,0.047278,0.628067,-1.153864,-1.154454,0.037001,0.586597,0.816100
138,-1.151864,-1.152461,0.038072,0.593280,-1.153435,-1.154038,0.038823,0.599253,0.840606
139,-1.152548,-1.153179,0.045505,0.625784,-1.155100,-1.155719,0.044924,0.614614,0.838624
140,-1.154380,-1.155001,0.045438,0.616437,-1.152929,-1.153569,0.047779,0.635318,0.826847
----time_used: 153.895440
141,-1.152222,-1.152853,0.045106,0.626585,-1.151802,-1.152380,0.033345,0.575060,0.830749
142,-1.151865,-1.152447,0.034301,0.578402,-1.151538,-1.152142,0.041600,0.599521,0.826542
143,-1.153315,-1.153943,0.044811,0.623559,-1.153886,-1.154516,0.045439,0.625239,0.820911
144,-1.152786,-1.153415,0.042539,0.625281,-1.152508,-1.153137,0.042535,0.625450,0.822103
145,-1.154477,-1.155116,0.043419,0.634947,-1.151721,-1.152369,0.048421,0.643256,0.802012
146,-1.153427,-1.154082,0.049546,0.650082,-1.153953,-1.154592,0.048752,0.634450,0.806002
147,-1.153060,-1.153700,0.046558,0.635168,-1.153014,-1.153634,0.040431,0.615794,0.812964
148,-1.153793,-1.154407,0.039783,0.610681,-1.150940,-1.151542,0.039456,0.597533,0.818123
149,-1.150441,-1.151054,0.042288,0.608805,-1.153102,-1.153702,0.047108,0.595984,0.814207
150,-1.151858,-1.152476,0.048451,0.612670,-1.153726,-1.154312,0.042453,0.581878,0.805511
----time_used: 163.254453
151,-1.152984,-1.153599,0.044223,0.611120,-1.153206,-1.153857,0.050244,0.646007,0.809695
152,-1.153694,-1.154355,0.047928,0.655855,-1.151429,-1.152028,0.037723,0.595149,0.809076
153,-1.152554,-1.153169,0.040778,0.610739,-1.154629,-1.155280,0.051423,0.645588,0.794148
154,-1.154357,-1.155021,0.051569,0.658002,-1.152249,-1.152907,0.045192,0.653333,0.785103
155,-1.151586,-1.152227,0.041995,0.637282,-1.153319,-1.153903,0.040852,0.579713,0.825393
156,-1.150936,-1.151514,0.039403,0.574575,-1.155197,-1.155772,0.038245,0.570902,0.836036
157,-1.154679,-1.155295,0.043125,0.611145,-1.152866,-1.153508,0.048558,0.637072,0.827684
158,-1.154754,-1.155422,0.050532,0.662734,-1.155229,-1.155892,0.051084,0.658227,0.804375
159,-1.154913,-1.155575,0.048641,0.657224,-1.153938,-1.154558,0.040382,0.616038,0.818863
160,-1.153977,-1.154634,0.045906,0.652657,-1.153646,-1.154347,0.057196,0.695587,0.791448
----time_used: 173.701570
161,-1.153340,-1.154061,0.058757,0.715056,-1.154813,-1.155508,0.054448,0.689372,0.795745
162,-1.153631,-1.154308,0.048301,0.672450,-1.153464,-1.154139,0.051864,0.669685,0.791668
163,-1.155724,-1.156403,0.051174,0.674022,-1.155549,-1.156222,0.052426,0.667517,0.811496
164,-1.156596,-1.157276,0.052003,0.675754,-1.156999,-1.157683,0.054363,0.678283,0.805003
165,-1.156790,-1.157478,0.054064,0.682184,-1.154713,-1.155389,0.052398,0.670162,0.842342
166,-1.155944,-1.156625,0.050195,0.676230,-1.154607,-1.155291,0.051312,0.678777,0.814999
167,-1.151214,-1.151903,0.052130,0.684211,-1.154413,-1.155092,0.052430,0.674077,0.841762
168,-1.154993,-1.155667,0.049210,0.669208,-1.152604,-1.153228,0.042043,0.619161,0.828092
169,-1.152835,-1.153464,0.042110,0.624193,-1.154987,-1.155581,0.037104,0.590477,0.850105
170,-1.154285,-1.154913,0.042302,0.624512,-1.155489,-1.156125,0.045723,0.631990,0.844889
----time_used: 184.146099
171,-1.157513,-1.158184,0.051125,0.666297,-1.156077,-1.156762,0.053531,0.680064,0.820545
172,-1.157145,-1.157847,0.054442,0.696337,-1.154337,-1.155011,0.050632,0.669217,0.833553
173,-1.156561,-1.157248,0.052469,0.681632,-1.155542,-1.156225,0.054456,0.677576,0.818185
174,-1.157138,-1.157802,0.050497,0.659057,-1.155302,-1.155916,0.041764,0.610234,0.837694
175,-1.157097,-1.157756,0.046307,0.654391,-1.155347,-1.156046,0.056950,0.693579,0.815458
176,-1.154551,-1.155266,0.057908,0.708739,-1.151767,-1.152431,0.049105,0.659482,0.821485
177,-1.152402,-1.153057,0.045650,0.650859,-1.155721,-1.156358,0.043611,0.632975,0.834443
178,-1.154349,-1.155029,0.050151,0.674860,-1.154465,-1.155178,0.058249,0.707740,0.814391
179,-1.157800,-1.158524,0.059261,0.718605,-1.155947,-1.156608,0.052704,0.656048,0.833167
180,-1.156949,-1.157612,0.050463,0.658001,-1.155362,-1.156038,0.054257,0.670576,0.830569
----time_used: 193.505773
181,-1.159053,-1.159759,0.055492,0.700544,-1.156804,-1.157505,0.051362,0.696237,0.813165
182,-1.157814,-1.158524,0.052082,0.704753,-1.156319,-1.157006,0.049064,0.682486,0.819332
183,-1.158296,-1.159006,0.053024,0.704542,-1.152451,-1.153177,0.056155,0.719748,0.823212
184,-1.154127,-1.154849,0.056786,0.716382,-1.155276,-1.155927,0.049529,0.646227,0.830016
185,-1.154213,-1.154869,0.050582,0.651536,-1.154740,-1.155401,0.050970,0.656038,0.836226
186,-1.154161,-1.154848,0.054072,0.681319,-1.156515,-1.157179,0.049174,0.658920,0.822948
187,-1.156913,-1.157587,0.048480,0.669044,-1.154892,-1.155567,0.050891,0.670038,0.841546
188,-1.157320,-1.158041,0.055942,0.716118,-1.156611,-1.157350,0.061242,0.733061,0.794423
189,-1.157315,-1.158063,0.061548,0.742256,-1.153426,-1.154147,0.058431,0.715556,0.831996
190,-1.155075,-1.155767,0.053906,0.686357,-1.155588,-1.156243,0.049154,0.649919,0.842948
----time_used: 202.867755
191,-1.157408,-1.158102,0.055262,0.688678,-1.156688,-1.157414,0.063250,0.719282,0.816279
192,-1.158207,-1.158951,0.061555,0.738196,-1.155070,-1.155783,0.055407,0.708028,0.811761
193,-1.155768,-1.156484,0.053743,0.711059,-1.158982,-1.159686,0.052295,0.698459,0.826387
194,-1.158508,-1.159226,0.054751,0.712834,-1.155737,-1.156444,0.056365,0.701557,0.832458
195,-1.157283,-1.158017,0.060103,0.728077,-1.155797,-1.156528,0.062773,0.724922,0.816920
196,-1.157054,-1.157777,0.057620,0.717091,-1.155846,-1.156522,0.050910,0.671225,0.834942
197,-1.158384,-1.159107,0.057008,0.716667,-1.158033,-1.158794,0.067713,0.754403,0.819843
198,-1.158440,-1.159236,0.073857,0.788054,-1.157658,-1.158424,0.070333,0.759628,0.808623
199,-1.159383,-1.160117,0.060559,0.727756,-1.155455,-1.156151,0.050825,0.690153,0.837272
200,-1.156938,-1.157628,0.051634,0.685233,-1.156058,-1.156701,0.044348,0.639087,0.836947
----time_used: 212.773049
201,-1.157775,-1.158446,0.051466,0.665848,-1.157365,-1.158052,0.055474,0.681863,0.839342
202,-1.158579,-1.159309,0.060162,0.724443,-1.155563,-1.156293,0.058327,0.723987,0.807471
203,-1.158631,-1.159377,0.060887,0.739478,-1.156379,-1.157121,0.062702,0.735259,0.822972
204,-1.157107,-1.157836,0.059170,0.723269,-1.155011,-1.155679,0.048399,0.663053,0.837423
205,-1.158392,-1.159085,0.052023,0.688098,-1.156008,-1.156769,0.067136,0.753492,0.812531
206,-1.159149,-1.159937,0.068666,0.780945,-1.158236,-1.158996,0.058219,0.753981,0.828496
207,-1.158772,-1.159521,0.056017,0.743466,-1.155338,-1.156068,0.056618,0.725077,0.831997
208,-1.158819,-1.159579,0.060576,0.754295,-1.155851,-1.156627,0.060332,0.770117,0.793341
209,-1.158161,-1.158917,0.059481,0.749974,-1.157880,-1.158590,0.052934,0.704668,0.818602
210,-1.157280,-1.158010,0.055503,0.724095,-1.154908,-1.155674,0.066979,0.760048,0.838527
----time_used: 222.129443
211,-1.158659,-1.159432,0.066474,0.766898,-1.157534,-1.158260,0.056122,0.720552,0.789790
212,-1.156843,-1.157566,0.055246,0.716655,-1.157385,-1.158093,0.052969,0.702754,0.821954
213,-1.159388,-1.160112,0.055398,0.719023,-1.157801,-1.158511,0.054339,0.704093,0.833092
214,-1.161735,-1.162466,0.058270,0.725610,-1.159110,-1.159857,0.061441,0.741090,0.803478
215,-1.159452,-1.160222,0.064294,0.763765,-1.155901,-1.156660,0.060592,0.753308,0.827356
216,-1.159600,-1.160352,0.056814,0.746308,-1.156666,-1.157394,0.053329,0.722888,0.791813
217,-1.157707,-1.158448,0.053442,0.735640,-1.152586,-1.153299,0.050521,0.707600,0.851351
218,-1.157539,-1.158258,0.051872,0.714033,-1.156446,-1.157128,0.048400,0.677802,0.842490
219,-1.155451,-1.156161,0.054429,0.704783,-1.159057,-1.159760,0.052093,0.697819,0.830605
220,-1.159494,-1.160242,0.061009,0.742027,-1.158670,-1.159431,0.061132,0.755382,0.823404
----time_used: 232.029091
221,-1.161692,-1.162460,0.061161,0.760962,-1.157786,-1.158500,0.051774,0.708518,0.843212
222,-1.161663,-1.162389,0.053712,0.720941,-1.159251,-1.159981,0.055029,0.724268,0.822308
223,-1.161771,-1.162527,0.061177,0.749024,-1.156360,-1.157103,0.062056,0.736498,0.847361
224,-1.159125,-1.159896,0.063078,0.765048,-1.158465,-1.159226,0.060702,0.754452,0.814137
225,-1.161935,-1.162705,0.062104,0.763186,-1.158936,-1.159654,0.053420,0.712686,0.818087
226,-1.159751,-1.160477,0.055047,0.720505,-1.158189,-1.158906,0.056030,0.710755,0.845321
227,-1.161125,-1.161876,0.060284,0.744318,-1.159714,-1.160448,0.056677,0.728566,0.829109
228,-1.162716,-1.163476,0.059963,0.754011,-1.160023,-1.160772,0.055762,0.743340,0.824434
229,-1.161964,-1.162724,0.061479,0.754522,-1.158744,-1.159488,0.061673,0.737278,0.825356
230,-1.162497,-1.163264,0.066645,0.760283,-1.158668,-1.159439,0.068840,0.764184,0.829074
----time_used: 243.052536
231,-1.161398,-1.162197,0.067959,0.792266,-1.158357,-1.159124,0.061890,0.760521,0.800421
232,-1.160040,-1.160813,0.063622,0.766819,-1.160109,-1.160873,0.063272,0.757403,0.814903
233,-1.162215,-1.162989,0.070815,0.767726,-1.157617,-1.158368,0.066075,0.744117,0.816757
234,-1.162056,-1.162820,0.064158,0.757114,-1.160006,-1.160765,0.061896,0.752456,0.814236
235,-1.161943,-1.162709,0.064950,0.759488,-1.157587,-1.158324,0.057331,0.731248,0.816375
236,-1.160577,-1.161342,0.067326,0.758750,-1.160101,-1.160884,0.072267,0.775467,0.822156
237,-1.161392,-1.162193,0.074187,0.792979,-1.161095,-1.161846,0.063700,0.744050,0.822136
238,-1.162979,-1.163741,0.061731,0.755850,-1.159117,-1.159866,0.056711,0.743110,0.831434
239,-1.163532,-1.164305,0.059928,0.767612,-1.159417,-1.160179,0.060374,0.756129,0.825860
240,-1.162825,-1.163619,0.066033,0.786659,-1.160093,-1.160886,0.065659,0.785568,0.819505
----time_used: 253.516737
241,-1.162943,-1.163731,0.068099,0.781111,-1.157145,-1.157862,0.053947,0.711978,0.798628
242,-1.160222,-1.160947,0.053611,0.719540,-1.158831,-1.159528,0.050741,0.691591,0.836151
243,-1.162135,-1.162908,0.063442,0.766871,-1.159621,-1.160439,0.071387,0.810834,0.785117
244,-1.162450,-1.163279,0.074718,0.821459,-1.157905,-1.158678,0.063501,0.766550,0.828655
245,-1.161941,-1.162713,0.064138,0.765801,-1.158011,-1.158769,0.061637,0.752037,0.826880
246,-1.161187,-1.161973,0.067161,0.779619,-1.156882,-1.157656,0.065003,0.766742,0.826675
247,-1.160037,-1.160800,0.059791,0.757361,-1.157420,-1.158143,0.054657,0.716822,0.840428
248,-1.161602,-1.162359,0.061927,0.750847,-1.157894,-1.158668,0.066508,0.767520,0.830437
249,-1.162479,-1.163282,0.073458,0.796138,-1.158531,-1.159298,0.063498,0.761090,0.836828
250,-1.163092,-1.163868,0.065246,0.769445,-1.158120,-1.158903,0.068975,0.775695,0.812413
----time_used: 262.873209
251,-1.161629,-1.162437,0.073352,0.800272,-1.159194,-1.159977,0.069053,0.775640,0.836586
252,-1.163825,-1.164607,0.067562,0.775111,-1.158612,-1.159389,0.066664,0.769617,0.815671
253,-1.162335,-1.163123,0.068206,0.781042,-1.159083,-1.159835,0.058537,0.746464,0.847375
254,-1.162761,-1.163526,0.057867,0.759401,-1.157290,-1.158040,0.057689,0.744340,0.811751
255,-1.162394,-1.163170,0.061934,0.769458,-1.158768,-1.159525,0.064435,0.751138,0.823987
256,-1.161780,-1.162545,0.062696,0.758896,-1.158171,-1.158913,0.058683,0.736397,0.810539
257,-1.163641,-1.164425,0.063814,0.777074,-1.157945,-1.158759,0.073419,0.806928,0.824029
258,-1.160974,-1.161790,0.074319,0.809265,-1.157147,-1.157907,0.064120,0.753703,0.814611
259,-1.161913,-1.162675,0.061471,0.755767,-1.158490,-1.159275,0.062986,0.778284,0.823148
260,-1.162273,-1.163096,0.070501,0.815607,-1.157618,-1.158425,0.068473,0.799650,0.825685
----time_used: 272.247336
261,-1.163367,-1.164183,0.071774,0.809426,-1.160121,-1.160933,0.073979,0.805438,0.832646
262,-1.164453,-1.165267,0.073556,0.806673,-1.158444,-1.159231,0.068965,0.780032,0.825069
263,-1.163826,-1.164634,0.072929,0.800158,-1.156996,-1.157812,0.075047,0.808135,0.812167
264,-1.163149,-1.163986,0.078092,0.828465,-1.157848,-1.158651,0.067927,0.796974,0.818724
265,-1.161357,-1.162164,0.064494,0.801479,-1.159659,-1.160444,0.059364,0.778902,0.814540
266,-1.162429,-1.163240,0.068159,0.803895,-1.156393,-1.157230,0.074337,0.829525,0.804583
267,-1.159818,-1.160651,0.072784,0.826481,-1.157940,-1.158712,0.063994,0.765577,0.820950
268,-1.162142,-1.162914,0.067034,0.765563,-1.158371,-1.159147,0.064077,0.769987,0.832255
269,-1.162885,-1.163706,0.076450,0.813631,-1.159115,-1.159932,0.073055,0.809408,0.822052
270,-1.164381,-1.165195,0.076470,0.805912,-1.158172,-1.158959,0.067011,0.780568,0.831493
----time_used: 281.607407
271,-1.165182,-1.165992,0.073545,0.802999,-1.161254,-1.162046,0.066460,0.785360,0.834219
272,-1.165455,-1.166281,0.076076,0.819119,-1.160066,-1.160892,0.070481,0.819890,0.807858
273,-1.163211,-1.164041,0.074093,0.822592,-1.159694,-1.160486,0.066229,0.785510,0.830336
274,-1.163951,-1.164742,0.065464,0.784192,-1.159447,-1.160214,0.061876,0.761276,0.824360
275,-1.163270,-1.164063,0.064032,0.786897,-1.159310,-1.160098,0.065376,0.782001,0.835079
276,-1.164017,-1.164819,0.066578,0.795586,-1.158801,-1.159569,0.061513,0.762393,0.811340
277,-1.162740,-1.163516,0.062613,0.770158,-1.159493,-1.160231,0.054171,0.732176,0.842910
278,-1.163758,-1.164526,0.059985,0.762112,-1.158331,-1.159114,0.063339,0.776850,0.832821
279,-1.165236,-1.166053,0.068556,0.810193,-1.161171,-1.161955,0.065895,0.776989,0.817088
280,-1.164135,-1.164933,0.069325,0.791111,-1.161450,-1.162230,0.065464,0.773377,0.826497
----time_used: 291.518208
281,-1.164613,-1.165405,0.067775,0.785041,-1.160298,-1.161039,0.058875,0.735198,0.848533
282,-1.165119,-1.165906,0.066916,0.780293,-1.161007,-1.161828,0.075975,0.813839,0.828645
283,-1.166596,-1.167456,0.081822,0.851011,-1.160638,-1.161492,0.081002,0.846468,0.805270
284,-1.166259,-1.167102,0.077505,0.836106,-1.159391,-1.160208,0.073409,0.810044,0.833608
285,-1.164285,-1.165126,0.078675,0.833142,-1.157410,-1.158259,0.081672,0.840838,0.801426
286,-1.164455,-1.165308,0.081155,0.844585,-1.155877,-1.156668,0.066700,0.783497,0.825793
287,-1.159898,-1.160689,0.063098,0.784615,-1.159052,-1.159804,0.057493,0.746663,0.831840
288,-1.163745,-1.164530,0.062816,0.779292,-1.159513,-1.160324,0.065730,0.804212,0.806464
289,-1.165236,-1.166066,0.069168,0.823189,-1.159846,-1.160632,0.061276,0.779324,0.835849
290,-1.163854,-1.164667,0.069390,0.806032,-1.160186,-1.161016,0.073661,0.822916,0.814146
----time_used: 301.420557
291,-1.164348,-1.165218,0.082904,0.861806,-1.158232,-1.159072,0.079736,0.831593,0.810472
292,-1.165032,-1.165888,0.078215,0.848336,-1.160861,-1.161688,0.068187,0.819947,0.830853
293,-1.161921,-1.162746,0.068936,0.817747,-1.159134,-1.159921,0.061740,0.780470,0.817755
294,-1.162112,-1.162911,0.066369,0.792298,-1.158591,-1.159375,0.065292,0.777619,0.851607
295,-1.163761,-1.164563,0.066306,0.794908,-1.158846,-1.159629,0.061222,0.776684,0.835126
296,-1.166048,-1.166862,0.068176,0.806652,-1.160224,-1.161023,0.067736,0.792228,0.823712
297,-1.165503,-1.166326,0.075142,0.815485,-1.158802,-1.159621,0.072894,0.811629,0.821978
298,-1.165593,-1.166407,0.073854,0.806389,-1.160651,-1.161389,0.059660,0.731298,0.844037
299,-1.164980,-1.165751,0.066835,0.764324,-1.161541,-1.162352,0.072204,0.803567,0.829648
300,-1.166969,-1.167825,0.083459,0.847613,-1.158859,-1.159675,0.074109,0.808366,0.820079
----time_used: 311.323155
301,-1.165723,-1.166542,0.074035,0.811757,-1.157828,-1.158635,0.071628,0.800354,0.828927
302,-1.164834,-1.165672,0.074856,0.830808,-1.158991,-1.159815,0.074559,0.816556,0.819657
303,-1.162995,-1.163818,0.075331,0.815724,-1.159747,-1.160511,0.063314,0.757748,0.829151
304,-1.164711,-1.165522,0.070641,0.804154,-1.161053,-1.161934,0.081211,0.872840,0.825483
305,-1.165494,-1.166366,0.080436,0.864499,-1.160865,-1.161634,0.059787,0.763586,0.834220
306,-1.164205,-1.164980,0.062446,0.768185,-1.160353,-1.161158,0.068046,0.798745,0.830320
307,-1.166055,-1.166906,0.079085,0.842938,-1.161530,-1.162369,0.075138,0.832231,0.818974
308,-1.165780,-1.166616,0.075985,0.827913,-1.157554,-1.158353,0.070601,0.791725,0.834065
309,-1.166199,-1.167024,0.073406,0.816775,-1.160529,-1.161347,0.069186,0.810932,0.819899
310,-1.165323,-1.166182,0.076993,0.850770,-1.161100,-1.161935,0.071510,0.828583,0.833129
----time_used: 320.687030
311,-1.166248,-1.167098,0.076212,0.842668,-1.160223,-1.161075,0.077242,0.844506,0.803167
312,-1.166305,-1.167170,0.077546,0.857062,-1.160728,-1.161547,0.069588,0.812060,0.845236
313,-1.165146,-1.165978,0.071063,0.824475,-1.160903,-1.161719,0.067080,0.809252,0.842138
314,-1.167540,-1.168380,0.073338,0.832307,-1.161307,-1.162144,0.075358,0.828752,0.817230
315,-1.168311,-1.169182,0.082733,0.862605,-1.162072,-1.162922,0.078317,0.841950,0.820787
316,-1.168342,-1.169189,0.076778,0.838403,-1.159544,-1.160343,0.067737,0.792250,0.841472
317,-1.167557,-1.168384,0.069950,0.819820,-1.159753,-1.160624,0.082321,0.862467,0.817115
318,-1.167315,-1.168204,0.085199,0.879838,-1.159933,-1.160789,0.077713,0.848864,0.813453
319,-1.165247,-1.166101,0.078937,0.845854,-1.160804,-1.161636,0.073101,0.824547,0.838202
320,-1.166649,-1.167479,0.074820,0.822966,-1.160454,-1.161260,0.070184,0.798051,0.835146
----time_used: 330.591768
321,-1.168021,-1.168866,0.080498,0.837265,-1.161362,-1.162219,0.082745,0.848829,0.829454
322,-1.168365,-1.169249,0.088458,0.875144,-1.160952,-1.161813,0.079990,0.853806,0.810104
323,-1.166727,-1.167586,0.077964,0.851638,-1.160566,-1.161385,0.072577,0.811327,0.838609
324,-1.168043,-1.168911,0.083307,0.859798,-1.159873,-1.160755,0.088443,0.873005,0.821218
325,-1.167336,-1.168235,0.090081,0.890108,-1.160179,-1.161031,0.078046,0.843505,0.821358
326,-1.166370,-1.167210,0.079044,0.831753,-1.159875,-1.160686,0.071026,0.803660,0.840680
327,-1.167877,-1.168740,0.081063,0.854390,-1.160576,-1.161450,0.083395,0.865251,0.833043
328,-1.168210,-1.169100,0.087190,0.881414,-1.160698,-1.161527,0.074073,0.820926,0.824708
329,-1.165810,-1.166653,0.075926,0.835564,-1.159785,-1.160623,0.076853,0.830173,0.844144
330,-1.166357,-1.167226,0.086109,0.860249,-1.159780,-1.160623,0.077561,0.835539,0.807872
----time_used: 339.945931
331,-1.165805,-1.166647,0.077672,0.834133,-1.158643,-1.159456,0.069429,0.806326,0.851020
332,-1.165078,-1.165914,0.076430,0.828939,-1.159417,-1.160213,0.068710,0.789644,0.844950
333,-1.167163,-1.167993,0.075735,0.822195,-1.163113,-1.163925,0.068616,0.805029,0.831726
334,-1.167727,-1.168579,0.075839,0.844381,-1.161103,-1.161951,0.072713,0.840652,0.817224
335,-1.166946,-1.167818,0.078880,0.863818,-1.161265,-1.162105,0.074512,0.831921,0.823935
336,-1.167306,-1.168148,0.074041,0.834793,-1.163074,-1.163894,0.068600,0.813450,0.841899
337,-1.166937,-1.167794,0.078722,0.849944,-1.159897,-1.160768,0.081782,0.862473,0.822203
338,-1.166769,-1.167654,0.081989,0.876557,-1.160339,-1.161192,0.076029,0.845412,0.825961
339,-1.165180,-1.166027,0.077806,0.839369,-1.158316,-1.159126,0.067899,0.803276,0.845201
340,-1.167004,-1.167864,0.078637,0.852354,-1.158894,-1.159756,0.084459,0.853535,0.836221
----time_used: 349.871165
341,-1.167510,-1.168395,0.085183,0.876017,-1.161550,-1.162411,0.073165,0.853565,0.804825
342,-1.164964,-1.165840,0.075526,0.868800,-1.161593,-1.162455,0.071007,0.854522,0.817480
343,-1.166696,-1.167553,0.072379,0.849663,-1.159724,-1.160534,0.066877,0.802788,0.831421
344,-1.167375,-1.168213,0.074422,0.830282,-1.160351,-1.161211,0.080328,0.851933,0.818361
345,-1.168966,-1.169869,0.088240,0.893658,-1.161735,-1.162632,0.089410,0.887786,0.834810
346,-1.167132,-1.168038,0.087222,0.897713,-1.161356,-1.162258,0.087194,0.893624,0.799603
347,-1.167826,-1.168739,0.087996,0.903654,-1.161037,-1.161934,0.086951,0.888819,0.816171
348,-1.169451,-1.170350,0.085163,0.889941,-1.160759,-1.161646,0.085599,0.878460,0.824605
349,-1.168482,-1.169391,0.091360,0.899832,-1.159557,-1.160463,0.094431,0.896332,0.827298
350,-1.168182,-1.169101,0.094068,0.908997,-1.161666,-1.162567,0.093528,0.891648,0.838098
----time_used: 359.233862
351,-1.168239,-1.169137,0.089109,0.888396,-1.161632,-1.162492,0.080497,0.852048,0.817613
352,-1.168284,-1.169165,0.079239,0.872651,-1.159990,-1.160888,0.088192,0.889528,0.832924
353,-1.167403,-1.168330,0.086744,0.918778,-1.160208,-1.161109,0.086592,0.892254,0.795278
354,-1.167198,-1.168093,0.081676,0.887380,-1.159982,-1.160847,0.078597,0.857157,0.831417
355,-1.165396,-1.166264,0.077559,0.860051,-1.159328,-1.160172,0.078045,0.836658,0.841205
356,-1.169554,-1.170417,0.077979,0.854750,-1.162495,-1.163360,0.080130,0.856896,0.820668
357,-1.169472,-1.170354,0.080166,0.874028,-1.161138,-1.161985,0.078872,0.839200,0.839876
358,-1.168809,-1.169668,0.076091,0.851391,-1.160924,-1.161769,0.077718,0.837048,0.829982
359,-1.166541,-1.167430,0.083163,0.880984,-1.162825,-1.163701,0.081723,0.867904,0.822112
360,-1.169658,-1.170545,0.084663,0.878515,-1.161027,-1.161895,0.082456,0.859870,0.835353
----time_used: 368.601427
361,-1.168483,-1.169377,0.085629,0.885865,-1.161458,-1.162319,0.082385,0.852832,0.846181
362,-1.169384,-1.170269,0.087119,0.876925,-1.162441,-1.163317,0.083823,0.867274,0.820533
363,-1.169017,-1.169918,0.088749,0.891677,-1.160596,-1.161476,0.082629,0.871680,0.827574
364,-1.168851,-1.169741,0.085027,0.882160,-1.162020,-1.162881,0.079551,0.852530,0.823261
365,-1.170161,-1.171049,0.082960,0.880295,-1.161032,-1.161923,0.081508,0.882776,0.826175
366,-1.170358,-1.171273,0.088330,0.906472,-1.162938,-1.163808,0.079406,0.862252,0.822465
367,-1.169571,-1.170447,0.081634,0.868296,-1.161662,-1.162527,0.076129,0.857810,0.835087
368,-1.169019,-1.169918,0.086063,0.890424,-1.161064,-1.161973,0.087600,0.899596,0.782926
369,-1.169089,-1.170009,0.091873,0.910075,-1.161528,-1.162393,0.083374,0.856271,0.833848
370,-1.168649,-1.169536,0.089315,0.877828,-1.161483,-1.162367,0.089613,0.874782,0.829159
----time_used: 377.961501
371,-1.169685,-1.170603,0.095192,0.908293,-1.159169,-1.160082,0.092194,0.904446,0.771210
372,-1.165133,-1.166033,0.087081,0.891721,-1.161035,-1.161857,0.074476,0.814808,0.834923
373,-1.168134,-1.168990,0.078937,0.848380,-1.161368,-1.162233,0.081122,0.856968,0.813538
374,-1.168367,-1.169266,0.089994,0.890627,-1.157297,-1.158146,0.080506,0.840341,0.842393
375,-1.166478,-1.167343,0.082549,0.856553,-1.160920,-1.161763,0.078661,0.835011,0.839117
376,-1.170150,-1.171049,0.088801,0.889552,-1.161869,-1.162775,0.090466,0.896338,0.805206
377,-1.169952,-1.170853,0.089937,0.892264,-1.161801,-1.162631,0.074926,0.822449,0.836800
378,-1.168909,-1.169750,0.076113,0.833455,-1.161940,-1.162781,0.073913,0.833709,0.826247
379,-1.169712,-1.170592,0.082928,0.872208,-1.161953,-1.162789,0.074888,0.828744,0.809829
380,-1.169617,-1.170485,0.080759,0.860364,-1.161966,-1.162841,0.082698,0.867255,0.804668
----time_used: 387.322053
381,-1.171235,-1.172142,0.086912,0.898875,-1.162804,-1.163674,0.080574,0.861819,0.813962
382,-1.170055,-1.170930,0.080992,0.867060,-1.160337,-1.161187,0.073439,0.843258,0.828437
383,-1.169337,-1.170217,0.078511,0.872488,-1.160875,-1.161733,0.074989,0.850147,0.841566
384,-1.169863,-1.170765,0.086241,0.892890,-1.161014,-1.161937,0.094766,0.913292,0.805290
385,-1.169349,-1.170274,0.095284,0.915004,-1.160588,-1.161419,0.076632,0.823228,0.834858
386,-1.169682,-1.170550,0.083100,0.859981,-1.161233,-1.162132,0.085128,0.890433,0.834112
387,-1.169857,-1.170776,0.090908,0.909065,-1.162485,-1.163372,0.084990,0.878974,0.814735
388,-1.169909,-1.170794,0.085772,0.876193,-1.161735,-1.162603,0.084191,0.859428,0.825117
389,-1.170411,-1.171302,0.086899,0.882356,-1.162126,-1.163002,0.083274,0.867422,0.817628
390,-1.171375,-1.172272,0.087531,0.887921,-1.161247,-1.162120,0.081042,0.864420,0.822404
----time_used: 396.685176
391,-1.169844,-1.170741,0.091887,0.888738,-1.162584,-1.163478,0.085345,0.885399,0.820574
392,-1.170680,-1.171575,0.085948,0.886526,-1.161927,-1.162806,0.082059,0.870550,0.824010
393,-1.170173,-1.171061,0.087149,0.879347,-1.163128,-1.163986,0.078592,0.849788,0.836599
394,-1.170033,-1.170915,0.084029,0.874004,-1.162086,-1.162952,0.081376,0.858445,0.842556
395,-1.172098,-1.173013,0.091125,0.905604,-1.161725,-1.162647,0.094206,0.912542,0.816073
396,-1.171374,-1.172292,0.090175,0.908862,-1.162251,-1.163118,0.078212,0.859247,0.834111
397,-1.168717,-1.169605,0.084829,0.879213,-1.159897,-1.160802,0.082732,0.896532,0.817948
398,-1.169595,-1.170505,0.088908,0.900855,-1.160835,-1.161705,0.081893,0.862115,0.823609
399,-1.170606,-1.171502,0.091007,0.887449,-1.162386,-1.163295,0.086934,0.900056,0.828516
400,-1.170931,-1.171867,0.092982,0.927421,-1.163661,-1.164551,0.082171,0.882415,0.827854
----time_used: 406.602101
401,-1.170981,-1.171879,0.086349,0.889593,-1.162635,-1.163537,0.083283,0.894270,0.820110
402,-1.172555,-1.173485,0.094183,0.920304,-1.162552,-1.163443,0.079454,0.883208,0.820944
403,-1.171743,-1.172659,0.089451,0.907168,-1.162680,-1.163584,0.082428,0.896060,0.817539
404,-1.171926,-1.172853,0.091719,0.917514,-1.160042,-1.160909,0.075857,0.859734,0.825110
405,-1.168610,-1.169473,0.074328,0.855036,-1.163630,-1.164460,0.071358,0.822511,0.838613
406,-1.172033,-1.172914,0.083362,0.871979,-1.161366,-1.162256,0.084115,0.881389,0.830692
407,-1.171772,-1.172677,0.086269,0.896229,-1.162940,-1.163820,0.077887,0.872380,0.828128
408,-1.171339,-1.172240,0.082232,0.892673,-1.162666,-1.163584,0.088092,0.908470,0.828110
409,-1.171173,-1.172120,0.096592,0.937401,-1.162743,-1.163655,0.083915,0.904198,0.820608
410,-1.171497,-1.172402,0.084367,0.896915,-1.161127,-1.161984,0.073838,0.849952,0.815214
----time_used: 416.509120
411,-1.170871,-1.171772,0.082160,0.892639,-1.161947,-1.162884,0.088947,0.928049,0.811729
412,-1.170280,-1.171229,0.092027,0.939465,-1.161181,-1.162065,0.084898,0.876097,0.806839
413,-1.168562,-1.169463,0.084531,0.892553,-1.163291,-1.164198,0.088542,0.898599,0.820919
414,-1.171046,-1.171980,0.096566,0.923918,-1.161897,-1.162804,0.090616,0.897923,0.837913
415,-1.171048,-1.171967,0.093835,0.910133,-1.159303,-1.160211,0.092219,0.899077,0.815360
416,-1.170502,-1.171431,0.094679,0.919473,-1.162631,-1.163544,0.094111,0.902877,0.812686
417,-1.172447,-1.173370,0.092222,0.913848,-1.162461,-1.163340,0.083006,0.870994,0.833304
418,-1.171087,-1.171993,0.084675,0.897533,-1.162986,-1.163905,0.087699,0.909796,0.817018
419,-1.172849,-1.173794,0.093275,0.935876,-1.164725,-1.165640,0.089228,0.906350,0.828384
420,-1.171824,-1.172744,0.087926,0.910802,-1.162898,-1.163824,0.092179,0.916015,0.824405
----time_used: 426.434535
421,-1.172803,-1.173734,0.091671,0.921903,-1.162043,-1.162907,0.080256,0.856059,0.834807
422,-1.172271,-1.173193,0.089192,0.913519,-1.162530,-1.163518,0.107832,0.977011,0.814751
423,-1.170525,-1.171510,0.102827,0.974757,-1.161145,-1.162042,0.086768,0.889246,0.822149
424,-1.169569,-1.170460,0.082464,0.882629,-1.161917,-1.162800,0.081459,0.874658,0.836958
425,-1.171250,-1.172174,0.092334,0.915062,-1.162448,-1.163367,0.090366,0.910487,0.828193
426,-1.172103,-1.173041,0.094344,0.928602,-1.161612,-1.162522,0.088209,0.901160,0.826664
427,-1.172407,-1.173336,0.090616,0.920397,-1.164440,-1.165341,0.088231,0.892369,0.820250
428,-1.173485,-1.174412,0.090423,0.918104,-1.160951,-1.161878,0.092712,0.917565,0.818827
429,-1.171941,-1.172888,0.095975,0.936724,-1.161401,-1.162288,0.085075,0.877705,0.818033
430,-1.171354,-1.172250,0.086469,0.887080,-1.161815,-1.162658,0.076876,0.835159,0.837868
----time_used: 435.793921
431,-1.172035,-1.172928,0.086197,0.884301,-1.161811,-1.162723,0.089284,0.903072,0.804280
432,-1.173232,-1.174173,0.093156,0.931517,-1.161325,-1.162194,0.080405,0.860760,0.835409
433,-1.171934,-1.172830,0.082277,0.888364,-1.161614,-1.162523,0.086479,0.900250,0.816795
434,-1.172418,-1.173365,0.092407,0.938043,-1.163014,-1.163889,0.079014,0.866237,0.831313
435,-1.171554,-1.172448,0.080830,0.885236,-1.163577,-1.164462,0.083578,0.876685,0.833481
436,-1.173772,-1.174692,0.088542,0.911383,-1.163047,-1.163946,0.087406,0.890797,0.808539
437,-1.172910,-1.173830,0.088244,0.911330,-1.161422,-1.162314,0.086271,0.883169,0.824328
438,-1.172045,-1.172961,0.086071,0.907336,-1.161106,-1.161973,0.078112,0.859451,0.837032
439,-1.172770,-1.173695,0.087106,0.916198,-1.162067,-1.163012,0.095547,0.935158,0.805159
440,-1.172449,-1.173409,0.097283,0.950082,-1.162875,-1.163778,0.087065,0.894443,0.829626
----time_used: 445.151184
441,-1.173086,-1.174004,0.088387,0.909145,-1.161662,-1.162587,0.093837,0.915896,0.819634
442,-1.173635,-1.174595,0.095620,0.949975,-1.163414,-1.164330,0.089836,0.907583,0.813844
443,-1.172184,-1.173101,0.085609,0.908516,-1.160309,-1.161202,0.082495,0.885452,0.838692
444,-1.170122,-1.171029,0.083395,0.898094,-1.160101,-1.160928,0.072270,0.819733,0.839706
445,-1.170961,-1.171819,0.077797,0.850355,-1.161053,-1.161915,0.079004,0.853827,0.837688
446,-1.173292,-1.174194,0.082559,0.893225,-1.163875,-1.164750,0.078546,0.867753,0.822485
447,-1.172963,-1.173866,0.083017,0.895422,-1.160047,-1.160925,0.080824,0.870134,0.847870
448,-1.172145,-1.173066,0.089739,0.911955,-1.162734,-1.163641,0.086340,0.897818,0.824810
449,-1.172601,-1.173517,0.086710,0.907546,-1.161838,-1.162690,0.071859,0.844597,0.837488
450,-1.172514,-1.173408,0.082256,0.886243,-1.163629,-1.164538,0.086378,0.900870,0.806864
----time_used: 454.512145
451,-1.173538,-1.174475,0.094218,0.927943,-1.162201,-1.163089,0.083064,0.879054,0.835983
452,-1.171871,-1.172767,0.086673,0.887710,-1.161568,-1.162429,0.076500,0.853707,0.836938
453,-1.174070,-1.174977,0.086313,0.898130,-1.163692,-1.164603,0.087900,0.902085,0.820484
454,-1.173574,-1.174522,0.098510,0.937217,-1.162086,-1.162989,0.092575,0.893921,0.830575
455,-1.171138,-1.172060,0.093065,0.912813,-1.163340,-1.164243,0.085201,0.894637,0.820877
456,-1.172946,-1.173888,0.094983,0.931837,-1.161001,-1.161913,0.088576,0.903524,0.833386
457,-1.171506,-1.172448,0.092773,0.932296,-1.162018,-1.162954,0.091311,0.926430,0.825924
458,-1.172999,-1.173958,0.093053,0.949889,-1.164003,-1.164905,0.083786,0.893812,0.810944
459,-1.173023,-1.173942,0.088981,0.909983,-1.162548,-1.163427,0.084461,0.870463,0.827589
460,-1.173761,-1.174680,0.094040,0.909629,-1.163576,-1.164496,0.091174,0.910860,0.832451
----time_used: 463.869228
461,-1.173638,-1.174589,0.098377,0.940881,-1.163384,-1.164293,0.084880,0.900473,0.831369
462,-1.174744,-1.175683,0.093013,0.930553,-1.163458,-1.164399,0.092801,0.931236,0.803470
463,-1.174073,-1.175034,0.098810,0.951236,-1.161373,-1.162285,0.089904,0.903768,0.821886
464,-1.173145,-1.174069,0.090210,0.915260,-1.163312,-1.164224,0.087103,0.902472,0.816054
465,-1.172782,-1.173731,0.092862,0.939898,-1.164694,-1.165625,0.088586,0.921621,0.812883
466,-1.173173,-1.174110,0.092055,0.928105,-1.162185,-1.163067,0.080683,0.873818,0.830680
467,-1.173400,-1.174301,0.084700,0.893063,-1.163396,-1.164282,0.083393,0.877851,0.826657
468,-1.174181,-1.175114,0.092629,0.924050,-1.162837,-1.163743,0.088293,0.897614,0.825991
469,-1.175207,-1.176129,0.089908,0.913006,-1.163422,-1.164309,0.082527,0.879409,0.823426
470,-1.173011,-1.173946,0.090751,0.925748,-1.162964,-1.163888,0.090247,0.915167,0.820631
----time_used: 473.226271
471,-1.174446,-1.175401,0.098635,0.945496,-1.162794,-1.163704,0.089998,0.901416,0.819523
472,-1.175174,-1.176125,0.098850,0.941136,-1.162720,-1.163677,0.095569,0.947209,0.811850
473,-1.172905,-1.173868,0.097451,0.953552,-1.160231,-1.161125,0.083814,0.885918,0.821879
474,-1.169566,-1.170446,0.083498,0.871505,-1.161461,-1.162294,0.074279,0.825389,0.834803
475,-1.172485,-1.173382,0.088068,0.888140,-1.164380,-1.165304,0.087364,0.915981,0.818142
476,-1.173549,-1.174495,0.094786,0.936107,-1.162656,-1.163556,0.083018,0.892312,0.808368
477,-1.172147,-1.173056,0.086709,0.900947,-1.160752,-1.161614,0.074006,0.854310,0.823316
478,-1.172687,-1.173587,0.085996,0.890909,-1.162289,-1.163184,0.079491,0.886752,0.822730
479,-1.173249,-1.174170,0.084683,0.912132,-1.162226,-1.163086,0.072984,0.852816,0.825635
480,-1.173881,-1.174776,0.082158,0.886519,-1.163450,-1.164333,0.078701,0.874785,0.826917
----time_used: 482.587967
481,-1.175555,-1.176487,0.089884,0.923259,-1.163207,-1.164109,0.083644,0.894052,0.819818
482,-1.175059,-1.175999,0.090817,0.930499,-1.163770,-1.164682,0.083281,0.904243,0.832976
483,-1.173687,-1.174629,0.089565,0.932325,-1.163328,-1.164236,0.081275,0.899958,0.827316
484,-1.173269,-1.174210,0.090568,0.932474,-1.163342,-1.164261,0.083355,0.910334,0.811418
485,-1.174318,-1.175249,0.090936,0.921935,-1.163124,-1.164021,0.082337,0.888896,0.823860
486,-1.172464,-1.173394,0.091567,0.921335,-1.161993,-1.162905,0.086188,0.903817,0.817476
487,-1.174346,-1.175288,0.095572,0.932485,-1.164607,-1.165513,0.085933,0.898070,0.828489
488,-1.175808,-1.176754,0.095902,0.936429,-1.164907,-1.165839,0.092847,0.922746,0.811794
489,-1.175875,-1.176845,0.103028,0.959460,-1.164009,-1.164949,0.095031,0.930434,0.815920
490,-1.174623,-1.175583,0.099380,0.949814,-1.162258,-1.163223,0.101602,0.955155,0.803906
----time_used: 492.510143
491,-1.174929,-1.175913,0.105123,0.972840,-1.164934,-1.165859,0.091580,0.915900,0.823524
492,-1.173827,-1.174752,0.091969,0.916359,-1.164617,-1.165509,0.084414,0.883730,0.825620
493,-1.174880,-1.175824,0.096791,0.934545,-1.164631,-1.165564,0.092593,0.923866,0.811404
494,-1.176033,-1.176992,0.095229,0.949764,-1.162698,-1.163619,0.085769,0.911597,0.819712
495,-1.174548,-1.175494,0.094093,0.936208,-1.162814,-1.163762,0.094280,0.939039,0.783319
496,-1.174110,-1.175088,0.104340,0.966942,-1.162423,-1.163378,0.097955,0.944789,0.827064
497,-1.172458,-1.173419,0.100856,0.951288,-1.162729,-1.163642,0.087043,0.904559,0.816345
498,-1.171488,-1.172402,0.087720,0.905804,-1.161293,-1.162151,0.076940,0.850372,0.826383
499,-1.174675,-1.175595,0.089541,0.911175,-1.163785,-1.164745,0.096601,0.950739,0.813600
500,-1.173392,-1.174367,0.098397,0.964739,-1.163309,-1.164229,0.089410,0.911249,0.812110
----time_used: 502.410218
501,-1.173945,-1.174861,0.086889,0.906870,-1.162803,-1.163707,0.086209,0.895539,0.809999
502,-1.173987,-1.174944,0.094093,0.947182,-1.162566,-1.163524,0.093712,0.948446,0.803375
503,-1.174041,-1.175009,0.093608,0.959047,-1.164007,-1.164921,0.084501,0.904927,0.814924
504,-1.174223,-1.175146,0.086802,0.914067,-1.163916,-1.164819,0.085345,0.894272,0.826067
505,-1.175240,-1.176182,0.090502,0.932542,-1.164417,-1.165361,0.091685,0.934322,0.804954
506,-1.176004,-1.176980,0.095518,0.966618,-1.163273,-1.164235,0.096852,0.952127,0.821590
507,-1.174896,-1.175864,0.099615,0.958012,-1.163110,-1.164019,0.090228,0.899874,0.835195
508,-1.174487,-1.175427,0.094530,0.930279,-1.163172,-1.164107,0.090563,0.925870,0.814739
509,-1.174053,-1.175019,0.094163,0.956724,-1.162012,-1.162936,0.087567,0.916022,0.805464
510,-1.175300,-1.176254,0.092358,0.944615,-1.162861,-1.163811,0.094894,0.940789,0.819741
----time_used: 511.781698
511,-1.175113,-1.176086,0.098697,0.963701,-1.164791,-1.165719,0.090261,0.918537,0.817536
512,-1.176468,-1.177421,0.095588,0.943812,-1.164039,-1.164971,0.087529,0.923221,0.814832
513,-1.175357,-1.176324,0.096685,0.958011,-1.162244,-1.163200,0.094632,0.946623,0.807137
514,-1.174321,-1.175290,0.098605,0.959539,-1.161659,-1.162586,0.088163,0.918245,0.816233
515,-1.174234,-1.175187,0.094724,0.944190,-1.161814,-1.162739,0.088086,0.915600,0.824166
516,-1.175038,-1.175991,0.094008,0.944204,-1.160718,-1.161641,0.089031,0.914010,0.826920
517,-1.175534,-1.176494,0.094449,0.949806,-1.163123,-1.164077,0.098952,0.944061,0.815047
518,-1.174607,-1.175590,0.100905,0.973445,-1.162865,-1.163829,0.099974,0.954585,0.807601
519,-1.174700,-1.175692,0.100528,0.981846,-1.162557,-1.163517,0.097937,0.951106,0.798016
520,-1.173497,-1.174465,0.095078,0.959341,-1.163286,-1.164198,0.086453,0.903139,0.823465
----time_used: 521.144327
521,-1.175656,-1.176592,0.089464,0.927288,-1.163578,-1.164490,0.086603,0.903220,0.809761
522,-1.173533,-1.174493,0.092924,0.950788,-1.162265,-1.163203,0.092008,0.928564,0.821490
523,-1.174286,-1.175248,0.094812,0.952167,-1.163070,-1.163991,0.087619,0.912260,0.812439
524,-1.174140,-1.175085,0.093805,0.935293,-1.162866,-1.163796,0.091386,0.920634,0.820146
525,-1.176664,-1.177629,0.098523,0.955425,-1.163245,-1.164201,0.097022,0.947146,0.819846
526,-1.177264,-1.178241,0.100687,0.966527,-1.163771,-1.164699,0.088704,0.918390,0.824103
527,-1.177326,-1.178282,0.097057,0.946483,-1.162217,-1.163156,0.091912,0.929667,0.836325
528,-1.175582,-1.176559,0.101145,0.967084,-1.161653,-1.162615,0.094693,0.951975,0.810983
529,-1.174933,-1.175919,0.100245,0.976031,-1.163222,-1.164177,0.094753,0.945342,0.827955
530,-1.174459,-1.175429,0.099094,0.960396,-1.163247,-1.164154,0.085883,0.898845,0.835512
----time_used: 530.498393
531,-1.175397,-1.176340,0.092705,0.934568,-1.162862,-1.163820,0.097051,0.948007,0.821562
532,-1.175409,-1.176401,0.101983,0.981306,-1.164053,-1.165009,0.095540,0.945707,0.823164
533,-1.176767,-1.177733,0.096522,0.956499,-1.163504,-1.164435,0.089970,0.921832,0.825619
534,-1.175730,-1.176694,0.096109,0.953746,-1.162877,-1.163814,0.094977,0.928077,0.829863
535,-1.176499,-1.177488,0.102333,0.978495,-1.162817,-1.163799,0.104038,0.971911,0.792293
536,-1.173957,-1.174979,0.108667,1.011218,-1.163670,-1.164673,0.107210,0.992496,0.809189
537,-1.174430,-1.175428,0.103028,0.988046,-1.163149,-1.164080,0.091124,0.921604,0.826779
538,-1.174330,-1.175284,0.092902,0.945104,-1.163756,-1.164717,0.095538,0.951291,0.818026
539,-1.175976,-1.176969,0.098573,0.983384,-1.163000,-1.163945,0.090280,0.936414,0.823968
540,-1.174298,-1.175235,0.087780,0.928748,-1.163505,-1.164382,0.077801,0.869768,0.838080
----time_used: 539.851899
541,-1.175352,-1.176284,0.089656,0.923284,-1.163814,-1.164763,0.094731,0.939599,0.810111
542,-1.175622,-1.176611,0.100930,0.979003,-1.162636,-1.163560,0.088331,0.914911,0.820349
543,-1.174643,-1.175581,0.088371,0.929821,-1.163673,-1.164590,0.086299,0.908170,0.822659
544,-1.175856,-1.176805,0.090978,0.940639,-1.163530,-1.164438,0.083876,0.900026,0.838671
545,-1.175597,-1.176547,0.089832,0.941095,-1.165635,-1.166585,0.091761,0.941160,0.825971
546,-1.177004,-1.177980,0.095842,0.966361,-1.162459,-1.163392,0.088198,0.923368,0.820526
547,-1.176841,-1.177789,0.091983,0.938995,-1.163949,-1.164878,0.088771,0.919825,0.825478
548,-1.177173,-1.178146,0.096262,0.963308,-1.163993,-1.164962,0.096006,0.959628,0.813492
549,-1.178216,-1.179211,0.098381,0.985787,-1.164155,-1.165103,0.090641,0.938936,0.824759
550,-1.176713,-1.177683,0.092007,0.960811,-1.161843,-1.162790,0.089297,0.937477,0.815821
----time_used: 549.758698
551,-1.175388,-1.176366,0.093394,0.968014,-1.163461,-1.164411,0.091314,0.940985,0.814855
552,-1.176572,-1.177545,0.099923,0.962738,-1.164524,-1.165458,0.090847,0.924668,0.812803
553,-1.177387,-1.178357,0.098289,0.960379,-1.164532,-1.165485,0.093429,0.943032,0.829986
554,-1.177024,-1.178003,0.098953,0.968778,-1.163266,-1.164206,0.091314,0.930356,0.829725
555,-1.177529,-1.178501,0.097243,0.962197,-1.162920,-1.163874,0.097646,0.944901,0.824331
556,-1.177192,-1.178172,0.099498,0.969705,-1.163248,-1.164189,0.091916,0.931042,0.816440
557,-1.176165,-1.177138,0.096047,0.963266,-1.161555,-1.162513,0.093109,0.948624,0.801236
558,-1.175744,-1.176735,0.100726,0.980394,-1.163413,-1.164363,0.092375,0.940896,0.807983
559,-1.175384,-1.176354,0.095268,0.960023,-1.163405,-1.164347,0.089927,0.933448,0.823820
560,-1.175773,-1.176740,0.095137,0.957126,-1.162447,-1.163380,0.089399,0.924874,0.821143
----time_used: 559.115540
561,-1.176397,-1.177366,0.094522,0.959201,-1.164375,-1.165331,0.092163,0.946000,0.816699
562,-1.177523,-1.178512,0.097808,0.979249,-1.163420,-1.164375,0.090551,0.945440,0.810080
563,-1.177610,-1.178583,0.094609,0.963509,-1.163708,-1.164633,0.088102,0.915835,0.828802
564,-1.177596,-1.178571,0.098613,0.964478,-1.162331,-1.163310,0.101054,0.969324,0.818245
565,-1.176695,-1.177705,0.106696,0.999554,-1.161667,-1.162621,0.094950,0.944093,0.818080
566,-1.177542,-1.178518,0.100025,0.965876,-1.163726,-1.164697,0.098767,0.961385,0.819719
567,-1.178014,-1.179030,0.108250,1.005274,-1.162146,-1.163146,0.107428,0.989687,0.808732
568,-1.176803,-1.177818,0.106545,1.005239,-1.162616,-1.163630,0.109339,1.002705,0.798624
569,-1.176728,-1.177751,0.106008,1.013302,-1.162998,-1.163956,0.095476,0.948961,0.812092
570,-1.175709,-1.176671,0.090465,0.953079,-1.163879,-1.164812,0.090278,0.924563,0.826514
----time_used: 568.489546
571,-1.177166,-1.178137,0.094110,0.961686,-1.162849,-1.163770,0.085579,0.912350,0.826082
572,-1.176692,-1.177654,0.092499,0.952615,-1.161917,-1.162890,0.095024,0.963092,0.817153
573,-1.177041,-1.178057,0.101322,1.005088,-1.161835,-1.162804,0.094680,0.958815,0.803878
574,-1.176589,-1.177576,0.098258,0.977582,-1.164308,-1.165253,0.088987,0.935636,0.821300
575,-1.175597,-1.176572,0.095763,0.965528,-1.164319,-1.165271,0.090659,0.943369,0.824127
576,-1.177205,-1.178200,0.101858,0.984966,-1.162910,-1.163898,0.101695,0.977549,0.815262
577,-1.178611,-1.179632,0.106452,1.010425,-1.163544,-1.164512,0.094882,0.959080,0.822952
578,-1.178257,-1.179240,0.097586,0.973613,-1.162511,-1.163475,0.095097,0.954205,0.823542
579,-1.178072,-1.179067,0.100615,0.984681,-1.160909,-1.161885,0.100597,0.966440,0.819556
580,-1.177887,-1.178897,0.103746,0.999444,-1.163113,-1.164093,0.098757,0.969827,0.819200
----time_used: 577.848428
581,-1.177739,-1.178730,0.098787,0.980456,-1.162930,-1.163880,0.094429,0.940639,0.821739
582,-1.177341,-1.178320,0.098444,0.968600,-1.163105,-1.164058,0.093697,0.943681,0.824643
583,-1.179217,-1.180205,0.096865,0.978500,-1.164460,-1.165426,0.093576,0.956171,0.810153
584,-1.178189,-1.179189,0.099675,0.990471,-1.163122,-1.164091,0.095244,0.958642,0.809806
585,-1.177152,-1.178147,0.098101,0.985437,-1.163942,-1.164913,0.093922,0.961254,0.798931
586,-1.177080,-1.178073,0.095129,0.983372,-1.163364,-1.164321,0.091043,0.948340,0.802367
587,-1.178162,-1.179144,0.095877,0.972479,-1.163978,-1.164921,0.090824,0.933258,0.822569
588,-1.177513,-1.178492,0.096556,0.969879,-1.164947,-1.165899,0.093326,0.942404,0.811627
589,-1.178040,-1.179024,0.096080,0.974265,-1.163332,-1.164272,0.088355,0.931013,0.822756
590,-1.177206,-1.178182,0.095458,0.965960,-1.163888,-1.164836,0.093205,0.937927,0.815073
----time_used: 587.221977
591,-1.178370,-1.179370,0.102092,0.989749,-1.163169,-1.164152,0.102270,0.972340,0.812096
592,-1.177343,-1.178357,0.106915,1.003788,-1.163921,-1.164893,0.102453,0.962160,0.806234
593,-1.176320,-1.177310,0.104728,0.980423,-1.164634,-1.165601,0.101069,0.957448,0.819999
594,-1.178401,-1.179379,0.098648,0.968574,-1.163822,-1.164759,0.092226,0.928022,0.830077
595,-1.178735,-1.179706,0.095289,0.961079,-1.165136,-1.166084,0.094408,0.938568,0.820822
596,-1.178662,-1.179648,0.098823,0.975817,-1.163111,-1.164068,0.092673,0.947699,0.811940
597,-1.177989,-1.178964,0.094711,0.966213,-1.163028,-1.163967,0.089972,0.929728,0.834667
598,-1.177480,-1.178450,0.095234,0.960774,-1.163196,-1.164142,0.093450,0.936346,0.811598
599,-1.177870,-1.178858,0.100215,0.977345,-1.163580,-1.164523,0.093137,0.933936,0.828991
600,-1.179108,-1.180076,0.100006,0.958261,-1.163719,-1.164659,0.093637,0.930846,0.831644
----time_used: 596.592994
601,-1.178288,-1.179270,0.102138,0.972109,-1.163496,-1.164441,0.094586,0.936281,0.820232
602,-1.178646,-1.179624,0.100159,0.967610,-1.163882,-1.164823,0.093514,0.931675,0.822839
603,-1.179385,-1.180363,0.098884,0.968794,-1.162394,-1.163349,0.096783,0.945234,0.810018
604,-1.179065,-1.180058,0.103209,0.982594,-1.162650,-1.163615,0.096910,0.955602,0.810305
605,-1.177293,-1.178298,0.101315,0.994739,-1.163526,-1.164508,0.094974,0.971866,0.811048
606,-1.179226,-1.180231,0.099961,0.994250,-1.162973,-1.163918,0.089783,0.935617,0.827807
607,-1.178765,-1.179745,0.099301,0.970176,-1.163752,-1.164736,0.100185,0.974181,0.826460
608,-1.180050,-1.181082,0.110443,1.021292,-1.162952,-1.163960,0.102681,0.997847,0.811744
609,-1.179181,-1.180192,0.104289,1.000307,-1.163976,-1.164926,0.091804,0.940559,0.817203
610,-1.179024,-1.180009,0.102567,0.974753,-1.163660,-1.164632,0.097691,0.961525,0.825409
----time_used: 605.951200
611,-1.179915,-1.180938,0.111596,1.011613,-1.162464,-1.163473,0.106965,0.997433,0.817707
612,-1.179752,-1.180763,0.107625,1.000219,-1.163942,-1.164897,0.096244,0.945463,0.824050
613,-1.178634,-1.179607,0.098951,0.963354,-1.163357,-1.164301,0.092773,0.935250,0.826991
614,-1.179040,-1.180030,0.102625,0.978894,-1.163441,-1.164438,0.102883,0.986491,0.819152
615,-1.179694,-1.180722,0.109802,1.016580,-1.163226,-1.164218,0.103400,0.981567,0.812780
616,-1.178414,-1.179428,0.108689,1.003631,-1.162599,-1.163571,0.100077,0.961941,0.828463
617,-1.178778,-1.179784,0.107397,0.994502,-1.164079,-1.165067,0.102693,0.977182,0.820245
618,-1.179852,-1.180874,0.110983,1.011501,-1.163741,-1.164730,0.106564,0.978101,0.806150
619,-1.177948,-1.178951,0.106015,0.992103,-1.163471,-1.164429,0.102307,0.947493,0.815584
620,-1.179180,-1.180184,0.107683,0.993534,-1.163335,-1.164324,0.104848,0.978599,0.810030
----time_used: 615.305579
621,-1.178039,-1.179060,0.107808,1.009527,-1.162464,-1.163430,0.095494,0.956660,0.802509
622,-1.178946,-1.179942,0.101600,0.985174,-1.164069,-1.165036,0.097235,0.957953,0.811952
623,-1.179514,-1.180527,0.108549,1.002014,-1.164217,-1.165216,0.104542,0.988774,0.807912
624,-1.178948,-1.179968,0.109462,1.008937,-1.163613,-1.164584,0.100660,0.961140,0.820815
625,-1.180039,-1.181028,0.103675,0.978927,-1.163292,-1.164285,0.104947,0.982791,0.815324
626,-1.180009,-1.181028,0.109306,1.008645,-1.163583,-1.164564,0.102599,0.971116,0.810054
627,-1.179477,-1.180479,0.105950,0.992111,-1.165430,-1.166399,0.097748,0.958937,0.813688
628,-1.180362,-1.181370,0.107954,0.997155,-1.165514,-1.166484,0.098044,0.959810,0.816663
629,-1.179551,-1.180563,0.108389,1.001645,-1.163519,-1.164518,0.106100,0.989049,0.812615
630,-1.180301,-1.181336,0.113302,1.024088,-1.162941,-1.163932,0.103514,0.980956,0.820605
----time_used: 624.661388
631,-1.179637,-1.180655,0.110308,1.006993,-1.162235,-1.163233,0.103104,0.988185,0.829140
632,-1.178590,-1.179612,0.108423,1.010721,-1.162590,-1.163547,0.096257,0.947196,0.826729
633,-1.177839,-1.178827,0.101618,0.977437,-1.161708,-1.162668,0.098348,0.950334,0.831973
634,-1.179592,-1.180604,0.107948,1.001937,-1.163669,-1.164660,0.106759,0.980334,0.804828
635,-1.178822,-1.179842,0.106003,1.009118,-1.164392,-1.165354,0.099009,0.952590,0.818839
636,-1.178383,-1.179386,0.102936,0.992742,-1.165343,-1.166313,0.098413,0.959986,0.815618
637,-1.180802,-1.181806,0.104558,0.994251,-1.165479,-1.166441,0.098573,0.952248,0.818252
638,-1.180012,-1.181016,0.106766,0.993528,-1.165047,-1.166031,0.101952,0.973661,0.820843
639,-1.179891,-1.180902,0.106523,0.999638,-1.163562,-1.164521,0.095070,0.950010,0.826648
640,-1.180298,-1.181292,0.104280,0.983224,-1.163610,-1.164592,0.100675,0.971828,0.821753
----time_used: 634.017478
641,-1.180232,-1.181250,0.109615,1.006959,-1.163583,-1.164552,0.099677,0.959570,0.823029
642,-1.180223,-1.181211,0.103008,0.977092,-1.164498,-1.165454,0.096773,0.946502,0.820676
643,-1.178668,-1.179672,0.105793,0.993041,-1.162717,-1.163715,0.103711,0.987212,0.816031
644,-1.179279,-1.180307,0.110231,1.016977,-1.161722,-1.162702,0.101192,0.969560,0.809512
645,-1.179410,-1.180410,0.103757,0.989200,-1.164983,-1.165956,0.101262,0.963456,0.814880
646,-1.179553,-1.180565,0.108159,1.001390,-1.165291,-1.166268,0.101544,0.966751,0.822757
647,-1.180685,-1.181688,0.104330,0.992121,-1.164494,-1.165473,0.097521,0.969869,0.818508
648,-1.180046,-1.181063,0.104408,1.006150,-1.163550,-1.164540,0.099227,0.979782,0.818436
649,-1.180764,-1.181774,0.104997,0.999993,-1.162720,-1.163690,0.096701,0.960670,0.834866
650,-1.180354,-1.181368,0.106046,1.003447,-1.163275,-1.164281,0.105128,0.995782,0.803358
----time_used: 643.380482
651,-1.179739,-1.180775,0.110384,1.024646,-1.163203,-1.164205,0.104115,0.991359,0.824838
652,-1.179714,-1.180737,0.107080,1.012381,-1.163644,-1.164639,0.102417,0.984115,0.830600
653,-1.180461,-1.181491,0.107989,1.019716,-1.164354,-1.165371,0.108313,1.006223,0.820419
654,-1.181798,-1.182831,0.108765,1.022191,-1.164266,-1.165232,0.095876,0.956883,0.830537
655,-1.181271,-1.182278,0.102144,0.996548,-1.163454,-1.164471,0.108661,1.006647,0.809149
656,-1.179807,-1.180858,0.112910,1.039422,-1.163602,-1.164605,0.105388,0.991731,0.823070
657,-1.178744,-1.179749,0.104474,0.993693,-1.163491,-1.164447,0.095870,0.946047,0.834970
658,-1.179429,-1.180426,0.104617,0.986617,-1.164433,-1.165432,0.104734,0.988504,0.823167
659,-1.180542,-1.181572,0.110121,1.018109,-1.165450,-1.166451,0.104483,0.990809,0.811811
660,-1.181146,-1.182168,0.105996,1.011695,-1.164105,-1.165119,0.106571,1.002846,0.802981
----time_used: 652.736303
661,-1.180550,-1.181586,0.107205,1.024609,-1.163885,-1.164865,0.096957,0.970672,0.815950
662,-1.179967,-1.180971,0.099067,0.994055,-1.163554,-1.164528,0.095178,0.964516,0.823585
663,-1.179332,-1.180338,0.097965,0.996777,-1.163437,-1.164408,0.092431,0.962233,0.823698
664,-1.179587,-1.180588,0.099930,0.990964,-1.163069,-1.164031,0.091890,0.952951,0.824377
665,-1.180858,-1.181862,0.102691,0.994096,-1.163947,-1.164937,0.098370,0.981061,0.827761
666,-1.180692,-1.181721,0.106698,1.018748,-1.163815,-1.164812,0.103776,0.986901,0.812026
667,-1.181089,-1.182108,0.107005,1.008286,-1.163950,-1.164944,0.102923,0.982975,0.818549
668,-1.181302,-1.182335,0.109228,1.022808,-1.163697,-1.164713,0.106160,1.004682,0.814927
669,-1.180709,-1.181743,0.109075,1.022731,-1.164288,-1.165275,0.098663,0.976241,0.826777
670,-1.180345,-1.181361,0.106985,1.005318,-1.164347,-1.165347,0.103045,0.990467,0.814993
----time_used: 662.093426
671,-1.180785,-1.181825,0.112678,1.029293,-1.162988,-1.164004,0.109658,1.004998,0.824449
672,-1.180246,-1.181281,0.113327,1.023346,-1.163876,-1.164870,0.105252,0.983243,0.822830
673,-1.180190,-1.181210,0.107748,1.009695,-1.163461,-1.164477,0.109848,1.005144,0.820184
674,-1.180597,-1.181636,0.111706,1.027563,-1.163321,-1.164324,0.112569,0.992149,0.818260
675,-1.180585,-1.181601,0.107527,1.005547,-1.164554,-1.165543,0.106044,0.978044,0.823140
676,-1.181205,-1.182234,0.106205,1.018190,-1.163663,-1.164680,0.106382,1.006273,0.823056
677,-1.181353,-1.182388,0.105867,1.024122,-1.163479,-1.164471,0.100028,0.981863,0.815600
678,-1.180512,-1.181530,0.102384,1.007543,-1.164552,-1.165545,0.099163,0.983007,0.827062
679,-1.180861,-1.181878,0.102249,1.006150,-1.164282,-1.165244,0.093428,0.952453,0.823898
680,-1.181529,-1.182528,0.100301,0.989044,-1.163539,-1.164516,0.096040,0.967443,0.819098
----time_used: 671.466743
681,-1.181865,-1.182884,0.104370,1.009033,-1.163795,-1.164767,0.094472,0.962852,0.818531
682,-1.181185,-1.182201,0.103283,1.005335,-1.163828,-1.164842,0.105978,1.003495,0.810147
683,-1.180701,-1.181755,0.113301,1.043121,-1.163899,-1.164917,0.106360,1.007818,0.804881
684,-1.180659,-1.181680,0.104104,1.010447,-1.165380,-1.166360,0.095453,0.969980,0.823911
685,-1.181315,-1.182330,0.103524,1.005329,-1.163990,-1.165002,0.105455,1.001440,0.804173
686,-1.181633,-1.182677,0.110723,1.033051,-1.163292,-1.164294,0.106729,0.991977,0.803411
687,-1.182169,-1.183192,0.108171,1.011920,-1.163133,-1.164122,0.102836,0.978461,0.809898
688,-1.181424,-1.182439,0.105006,1.004684,-1.163877,-1.164856,0.099958,0.969596,0.810213
689,-1.180668,-1.181675,0.103705,0.996823,-1.163536,-1.164515,0.100384,0.969172,0.816709
690,-1.179814,-1.180833,0.104605,1.008366,-1.163644,-1.164632,0.101274,0.977893,0.813432
----time_used: 680.825110
691,-1.181414,-1.182432,0.105933,1.007654,-1.163856,-1.164851,0.103698,0.984747,0.813588
692,-1.181264,-1.182292,0.110009,1.017541,-1.163488,-1.164500,0.107911,1.001495,0.814152
693,-1.181351,-1.182391,0.109931,1.029604,-1.164103,-1.165106,0.105558,0.992531,0.816800
694,-1.181994,-1.183021,0.106860,1.016909,-1.164697,-1.165705,0.108694,0.997298,0.806523
695,-1.181102,-1.182145,0.110955,1.031382,-1.163540,-1.164549,0.106507,0.998442,0.814813
696,-1.181105,-1.182129,0.106615,1.013764,-1.164948,-1.165918,0.095577,0.960376,0.822792
697,-1.181565,-1.182570,0.103723,0.994447,-1.164525,-1.165521,0.103437,0.985543,0.814449
698,-1.182899,-1.183945,0.114563,1.034894,-1.162983,-1.163996,0.109055,1.002660,0.810077
699,-1.181288,-1.182321,0.115065,1.021927,-1.163535,-1.164528,0.104930,0.982747,0.813406
700,-1.182331,-1.183369,0.113999,1.026349,-1.162851,-1.163878,0.111944,1.016720,0.815869
----time_used: 690.184951
701,-1.181072,-1.182124,0.116215,1.041041,-1.164826,-1.165803,0.100974,0.967118,0.828105
702,-1.180797,-1.181792,0.104318,0.985162,-1.164256,-1.165211,0.095564,0.945846,0.829236
703,-1.181605,-1.182623,0.108589,1.007349,-1.163949,-1.164957,0.103930,0.997781,0.820715
704,-1.181713,-1.182752,0.110987,1.027114,-1.164435,-1.165395,0.092810,0.951327,0.824394
705,-1.182025,-1.183022,0.102508,0.987119,-1.164527,-1.165523,0.101120,0.986606,0.821111
706,-1.182849,-1.183892,0.112572,1.031367,-1.164335,-1.165340,0.104336,0.994356,0.826556
707,-1.183039,-1.184068,0.109526,1.017975,-1.165053,-1.166046,0.102124,0.982723,0.820428
708,-1.183113,-1.184147,0.110795,1.022588,-1.165643,-1.166653,0.105315,0.999695,0.818256
709,-1.182886,-1.183925,0.113646,1.027550,-1.164780,-1.165775,0.103762,0.984768,0.810995
710,-1.183408,-1.184435,0.112619,1.015295,-1.164611,-1.165604,0.103295,0.983039,0.815762
----time_used: 700.194690
711,-1.183600,-1.184636,0.112592,1.025280,-1.164834,-1.165847,0.108359,1.002271,0.810210
712,-1.182509,-1.183544,0.112557,1.023554,-1.164613,-1.165586,0.098720,0.963692,0.812663
713,-1.182008,-1.183016,0.106798,0.997308,-1.163789,-1.164767,0.098703,0.968653,0.812657
714,-1.181965,-1.183003,0.112017,1.026543,-1.164971,-1.165960,0.096786,0.979288,0.821995
715,-1.182808,-1.183832,0.105316,1.012745,-1.164701,-1.165700,0.097134,0.989416,0.814909
716,-1.182409,-1.183449,0.107483,1.029265,-1.165174,-1.166153,0.094198,0.969646,0.821017
717,-1.182870,-1.183890,0.102935,1.010466,-1.164907,-1.165908,0.098536,0.991109,0.817606
718,-1.183026,-1.184067,0.107142,1.030266,-1.165096,-1.166091,0.098841,0.984773,0.809940
719,-1.182466,-1.183497,0.104644,1.020010,-1.165312,-1.166325,0.102429,1.002844,0.809087
720,-1.183315,-1.184353,0.107486,1.027191,-1.165777,-1.166758,0.096461,0.971045,0.821660
----time_used: 709.553369
721,-1.183741,-1.184751,0.103198,1.000460,-1.163976,-1.164954,0.096854,0.968512,0.823450
722,-1.183589,-1.184620,0.107465,1.020104,-1.164794,-1.165818,0.106473,1.012996,0.802476
723,-1.182326,-1.183380,0.112501,1.042546,-1.163843,-1.164842,0.102317,0.988760,0.804280
724,-1.183259,-1.184287,0.107873,1.017605,-1.164790,-1.165790,0.099350,0.990175,0.819812
725,-1.182817,-1.183862,0.111224,1.033921,-1.165425,-1.166441,0.103479,1.005247,0.806329
726,-1.183452,-1.184492,0.110043,1.028575,-1.164186,-1.165183,0.098176,0.987080,0.818962
727,-1.182799,-1.183832,0.107790,1.021965,-1.165100,-1.166096,0.097419,0.986133,0.829339
728,-1.183790,-1.184832,0.109698,1.030469,-1.164953,-1.165978,0.103158,1.014613,0.815899
729,-1.182694,-1.183751,0.111804,1.045454,-1.164519,-1.165536,0.102681,1.006508,0.805739
730,-1.183284,-1.184326,0.108712,1.030996,-1.164619,-1.165613,0.097413,0.985086,0.817586
----time_used: 719.461739
731,-1.182399,-1.183435,0.108051,1.024965,-1.164840,-1.165864,0.103562,1.013913,0.801131
732,-1.182750,-1.183799,0.111122,1.038411,-1.165307,-1.166316,0.100287,0.999015,0.807385
733,-1.183499,-1.184539,0.109905,1.028796,-1.165718,-1.166752,0.107977,1.022978,0.812376
734,-1.183501,-1.184567,0.115920,1.053986,-1.164078,-1.165097,0.105149,1.008894,0.821667
735,-1.182933,-1.183971,0.109889,1.026414,-1.164995,-1.165994,0.099914,0.988466,0.817031
736,-1.182388,-1.183427,0.108369,1.028477,-1.165126,-1.166159,0.108222,1.022029,0.811234
737,-1.182865,-1.183927,0.115309,1.050456,-1.163096,-1.164110,0.105084,1.003637,0.810730
738,-1.182704,-1.183748,0.110654,1.033354,-1.164816,-1.165823,0.104146,0.996632,0.806113
739,-1.183455,-1.184494,0.109315,1.028260,-1.164734,-1.165725,0.099472,0.981253,0.822328
740,-1.183362,-1.184382,0.104275,1.009815,-1.163858,-1.164856,0.100971,0.988802,0.814972
----time_used: 728.822186
741,-1.184070,-1.185116,0.109576,1.035616,-1.164790,-1.165818,0.106885,1.016594,0.808503
742,-1.183192,-1.184240,0.110868,1.036798,-1.165053,-1.166060,0.102939,0.997257,0.820168
743,-1.184004,-1.185035,0.106771,1.020743,-1.165194,-1.166188,0.099613,0.983618,0.822048
744,-1.183376,-1.184418,0.109401,1.031518,-1.165149,-1.166190,0.111702,1.030420,0.791535
745,-1.183067,-1.184128,0.114319,1.049774,-1.164477,-1.165501,0.108692,1.013034,0.811454
746,-1.183556,-1.184591,0.108579,1.024359,-1.164523,-1.165522,0.104377,0.988420,0.819809
747,-1.183559,-1.184587,0.108538,1.016916,-1.164459,-1.165480,0.108860,1.010821,0.807942
748,-1.183607,-1.184663,0.114520,1.044956,-1.163949,-1.164980,0.109214,1.019853,0.806550
749,-1.183191,-1.184242,0.112470,1.039786,-1.164243,-1.165283,0.112092,1.028466,0.786255
750,-1.181726,-1.182782,0.113497,1.044035,-1.163891,-1.164893,0.105113,0.991238,0.817081
----time_used: 738.177726
751,-1.181957,-1.182980,0.108209,1.012411,-1.163543,-1.164526,0.100531,0.973143,0.816815
752,-1.183948,-1.184973,0.107048,1.014405,-1.164580,-1.165597,0.106512,1.006587,0.797900
753,-1.183717,-1.184771,0.112981,1.043139,-1.165471,-1.166496,0.108720,1.014239,0.803416
754,-1.183985,-1.185037,0.113411,1.040289,-1.163747,-1.164762,0.108027,1.004001,0.807393
755,-1.184101,-1.185148,0.113532,1.036428,-1.163873,-1.164893,0.109425,1.008858,0.812762
756,-1.183601,-1.184650,0.113282,1.038005,-1.165294,-1.166307,0.107346,1.002063,0.829450
757,-1.183334,-1.184377,0.111091,1.032773,-1.164514,-1.165537,0.109540,1.011878,0.807149
758,-1.183595,-1.184642,0.112797,1.036000,-1.164401,-1.165392,0.102701,0.980452,0.825926
759,-1.183122,-1.184145,0.106509,1.012559,-1.165521,-1.166527,0.103956,0.995274,0.819906
760,-1.183967,-1.185010,0.108238,1.031816,-1.164560,-1.165565,0.103388,0.994444,0.816995
----time_used: 747.533040
761,-1.184564,-1.185606,0.109116,1.030881,-1.164594,-1.165621,0.108490,1.015908,0.813949
762,-1.185138,-1.186206,0.115738,1.056596,-1.163778,-1.164815,0.112702,1.025675,0.800051
763,-1.184255,-1.185314,0.115302,1.046930,-1.164550,-1.165566,0.108325,1.005028,0.810740
764,-1.183299,-1.184346,0.113681,1.035057,-1.163427,-1.164441,0.107659,1.003451,0.817876
765,-1.183776,-1.184828,0.113327,1.041177,-1.164594,-1.165607,0.105580,1.002745,0.810895
766,-1.184703,-1.185743,0.108751,1.029419,-1.165118,-1.166121,0.102539,0.992908,0.816813
767,-1.184740,-1.185779,0.107754,1.028164,-1.164520,-1.165532,0.104163,1.001955,0.811872
768,-1.183791,-1.184840,0.109961,1.038911,-1.165103,-1.166129,0.107357,1.014765,0.811224
769,-1.184245,-1.185294,0.110932,1.038357,-1.165319,-1.166321,0.103255,0.991084,0.818337
770,-1.185136,-1.186170,0.108111,1.022483,-1.164063,-1.165087,0.108007,1.013655,0.800742
----time_used: 756.914103
771,-1.184497,-1.185558,0.114627,1.050092,-1.165140,-1.166164,0.108220,1.012875,0.815839
772,-1.184388,-1.185432,0.112117,1.032720,-1.163941,-1.164943,0.104358,0.991866,0.815991
773,-1.184964,-1.186006,0.110625,1.031020,-1.164856,-1.165879,0.108812,1.012199,0.799649
774,-1.184556,-1.185617,0.114438,1.048932,-1.164663,-1.165688,0.110613,1.014070,0.806214
775,-1.183877,-1.184929,0.112959,1.040357,-1.163520,-1.164547,0.110801,1.015951,0.799877
776,-1.184231,-1.185292,0.114308,1.049188,-1.163892,-1.164924,0.110531,1.021618,0.797223
777,-1.184321,-1.185388,0.116708,1.055842,-1.164586,-1.165628,0.113411,1.031118,0.802539
778,-1.184114,-1.185169,0.112116,1.043738,-1.164509,-1.165507,0.103111,0.988012,0.821123
779,-1.184126,-1.185155,0.106271,1.018021,-1.164729,-1.165734,0.103029,0.995618,0.815750
780,-1.185097,-1.186146,0.111095,1.038607,-1.163438,-1.164463,0.105175,1.014693,0.805273
----time_used: 766.277372
781,-1.184771,-1.185826,0.111722,1.043999,-1.163614,-1.164643,0.106440,1.018118,0.812585
782,-1.185095,-1.186160,0.113472,1.053856,-1.164769,-1.165821,0.112355,1.041320,0.806098
783,-1.184759,-1.185843,0.117575,1.071736,-1.163025,-1.164066,0.110648,1.029612,0.806533
784,-1.185027,-1.186085,0.114563,1.046141,-1.165471,-1.166489,0.107243,1.007307,0.812649
785,-1.184902,-1.185957,0.115671,1.043490,-1.164339,-1.165362,0.110112,1.011839,0.813010
786,-1.184498,-1.185559,0.117545,1.048724,-1.162691,-1.163719,0.113122,1.017331,0.797889
787,-1.184149,-1.185208,0.116959,1.047375,-1.165155,-1.166164,0.107174,0.998655,0.806439
788,-1.185410,-1.186461,0.114301,1.039487,-1.164986,-1.166026,0.115645,1.028544,0.807654
789,-1.185798,-1.186871,0.120581,1.061144,-1.165380,-1.166404,0.110773,1.013302,0.816178
790,-1.184950,-1.185998,0.113233,1.036265,-1.165413,-1.166428,0.107582,1.004494,0.812930
----time_used: 775.640692
791,-1.185669,-1.186724,0.114507,1.043807,-1.164826,-1.165857,0.110029,1.020708,0.809097
792,-1.185250,-1.186313,0.114275,1.051322,-1.164724,-1.165758,0.110459,1.023010,0.801948
793,-1.185072,-1.186139,0.116880,1.055073,-1.164044,-1.165079,0.111767,1.023876,0.797590
794,-1.185498,-1.186559,0.115663,1.048686,-1.165317,-1.166324,0.104597,0.996198,0.819672
795,-1.184865,-1.185903,0.111395,1.027428,-1.165526,-1.166538,0.107301,1.001218,0.822263
796,-1.184916,-1.185972,0.115921,1.044418,-1.164529,-1.165575,0.116488,1.034466,0.793951
797,-1.184365,-1.185444,0.122062,1.066391,-1.163884,-1.164916,0.112391,1.020871,0.799429
798,-1.185354,-1.186410,0.116078,1.044834,-1.165064,-1.166083,0.107290,1.008230,0.806415
799,-1.185330,-1.186383,0.113192,1.042545,-1.163733,-1.164761,0.109464,1.017301,0.801102
800,-1.185323,-1.186380,0.114139,1.045232,-1.164394,-1.165409,0.106828,1.004666,0.813936
----time_used: 784.996449
801,-1.185870,-1.186917,0.112293,1.035793,-1.165443,-1.166458,0.105667,1.004976,0.818638
802,-1.185771,-1.186819,0.113062,1.037227,-1.165084,-1.166102,0.106429,1.006605,0.812658
803,-1.185387,-1.186442,0.112974,1.043773,-1.164597,-1.165612,0.103916,1.004406,0.815801
804,-1.185727,-1.186777,0.112147,1.039365,-1.164718,-1.165740,0.105495,1.011709,0.809527
805,-1.185682,-1.186749,0.116975,1.055455,-1.163856,-1.164901,0.113458,1.034247,0.800213
806,-1.185084,-1.186169,0.122923,1.072634,-1.163952,-1.165005,0.116138,1.041455,0.810974
